Feature,abs_r,abs_rho,F_statistic,MI_Score,F_norm,MI_norm,Composite_Score
hist_monthday_cogs_mean,0.8126605756116285,0.790759358155078,7450.4904813411495,0.5312916310750158,0.9999999999999999,0.9999999999999999,0.9008549834416766
hist_monthday_revenue_mean,0.7988255954817092,0.777949830354146,6755.450446467171,0.4944111128499431,0.9054293087681928,0.9028162593716927,0.8462552484939352
day_cos,0.4563048417629868,0.5077788842228581,1007.4292290246304,0.27131384855733476,0.12332423212005891,0.3149333414695805,0.35058532489387106
hist_yoy_cogs_growth,0.26282893661839135,0.34263760347230077,284.2796053059598,0.21665644275553664,0.024928806896106374,0.1709057788295597,0.20032528145408954
expected_sessions,0.3264574891104171,0.39009358905109853,456.99039935362924,0.15179895064684246,0.04842871820588276,0.0,0.1912449490918496
hist_yoy_revenue_growth,0.20067506709370894,0.43668667090229735,160.7496860898836,0.19351064436929155,0.00812069619469648,0.10991435638596958,0.18884919764416808
day_sin,0.2612060064823729,0.2710716583584032,280.52339384591943,0.18986811689194205,0.02441771761151104,0.10031594338564576,0.16425283145948322
month,0.1603226053873127,0.18222581731740653,101.06725284502119,0.21331708987075837,0.0,0.16210626026964825,0.12616367074359186
